{
	"credit": "Made with Blockbench",
	"parent": "block/block",
	"textures": {
		"0": "./textures/axis",
		"1": "./textures/axis_top",
		"particle": "./textures/axis"
	},
	"elements": [
		{
			"name": "Axis",
			"from": [6, 6, 8],
			"to": [10, 10, 16],
			"faces": {
				"north": {"uv": [6, 6, 10, 10], "rotation": 180, "texture": "#1"},
				"east": {"uv": [6, 0, 10, 8], "rotation": 270, "texture": "#0"},
				"south": {"uv": [6, 6, 10, 10], "texture": "#1"},
				"west": {"uv": [6, 0, 10, 8], "rotation": 90, "texture": "#0"},
				"up": {"uv": [6, 0, 10, 8], "rotation": 180, "texture": "#0"},
				"down": {"uv": [6, 0, 10, 8], "texture": "#0"}
			}
		}
	]
}