{
	"credit": "Made with Blockbench",
	"textures": {
		"0": "./nexuscoin",
		"particle": "./nexuscoin"
	},
	"elements": [
		{
			"from": [7, 1, 5],
			"to": [8, 7, 11],
			"rotation": {"angle": 0, "axis": "y", "origin": [7, 1, 7]},
			"faces": {
				"north": {"uv": [6, 0, 7, 6], "texture": "#0"},
				"east": {"uv": [0, 0, 6, 6], "texture": "#0"},
				"south": {"uv": [6, 6, 7, 12], "texture": "#0"},
				"west": {"uv": [0, 6, 6, 12], "texture": "#0"},
				"up": {"uv": [8, 6, 7, 0], "texture": "#0"},
				"down": {"uv": [8, 6, 7, 12], "texture": "#0"}
			}
		},
		{
			"from": [7, 0, 6],
			"to": [8, 1, 10],
			"rotation": {"angle": 0, "axis": "y", "origin": [7, 0, 5]},
			"faces": {
				"north": {"uv": [12, 3, 13, 4], "texture": "#0"},
				"east": {"uv": [11, 6, 15, 7], "texture": "#0"},
				"south": {"uv": [4, 12, 5, 13], "texture": "#0"},
				"west": {"uv": [11, 7, 15, 8], "texture": "#0"},
				"up": {"uv": [12, 12, 11, 8], "texture": "#0"},
				"down": {"uv": [1, 12, 0, 16], "texture": "#0"}
			}
		},
		{
			"from": [7, 7, 6],
			"to": [8, 8, 10],
			"rotation": {"angle": 0, "axis": "y", "origin": [7, 7, 5]},
			"faces": {
				"north": {"uv": [12, 0, 13, 1], "texture": "#0"},
				"east": {"uv": [8, 0, 12, 1], "texture": "#0"},
				"south": {"uv": [1, 12, 2, 13], "texture": "#0"},
				"west": {"uv": [8, 1, 12, 2], "texture": "#0"},
				"up": {"uv": [9, 6, 8, 2], "texture": "#0"},
				"down": {"uv": [9, 6, 8, 10], "texture": "#0"}
			}
		},
		{
			"from": [7, 2, 11],
			"to": [8, 6, 12],
			"rotation": {"angle": 0, "axis": "x", "origin": [7, 1, 12]},
			"faces": {
				"north": {"uv": [9, 2, 10, 6], "texture": "#0"},
				"east": {"uv": [9, 6, 10, 10], "texture": "#0"},
				"south": {"uv": [10, 2, 11, 6], "texture": "#0"},
				"west": {"uv": [10, 6, 11, 10], "texture": "#0"},
				"up": {"uv": [13, 2, 12, 1], "texture": "#0"},
				"down": {"uv": [3, 12, 2, 13], "texture": "#0"}
			}
		},
		{
			"from": [7, 2, 4],
			"to": [8, 6, 5],
			"rotation": {"angle": 0, "axis": "y", "origin": [7, 1, 5]},
			"faces": {
				"north": {"uv": [8, 10, 9, 14], "texture": "#0"},
				"east": {"uv": [9, 10, 10, 14], "texture": "#0"},
				"south": {"uv": [10, 10, 11, 14], "texture": "#0"},
				"west": {"uv": [11, 2, 12, 6], "texture": "#0"},
				"up": {"uv": [13, 3, 12, 2], "texture": "#0"},
				"down": {"uv": [4, 12, 3, 13], "texture": "#0"}
			}
		}
	],
	"display": {
		"thirdperson_righthand": {
			"rotation": [28.76, 10.41, 8.26],
			"translation": [0, 2.75, 1],
			"scale": [0.6, 0.6, 0.6]
		},
		"thirdperson_lefthand": {
			"rotation": [11, 12, -3],
			"translation": [-0.75, 2.75, 0.75],
			"scale": [0.6, 0.6, 0.6]
		},
		"firstperson_righthand": {
			"translation": [1.25, 3.25, 0],
			"scale": [0.6, 0.6, 0.6]
		},
		"firstperson_lefthand": {
			"translation": [1.75, 2.5, 0],
			"scale": [0.6, 0.6, 0.6]
		},
		"ground": {
			"translation": [0, 4.75, 0],
			"scale": [0.6, 0.6, 0.6]
		},
		"gui": {
			"rotation": [0, 50, -15],
			"translation": [1.5, 5.5, 0],
			"scale": [1.5, 1.5, 1.5]
		},
		"head": {
			"translation": [0.5, 11, 0]
		},
		"fixed": {
			"rotation": [0, 90, 0],
			"translation": [0.25, 5.25, -0.25],
			"scale": [1.3, 1.3, 1.3]
		}
	},
	"groups": [
		{
			"name": "group",
			"origin": [7, 7, 5],
			"color": 0,
			"children": [0, 1, 2, 3, 4]
		}
	]
}